record_id,age_group,age,weight,gender,region,smoking_status,exercise_frequency,bmi,blood_pressure,diabetes,hypertension,cholesterol_level,glucose_level,visit_date
f47ac10b-58cc-4372-a567-0e02b2c3d479,26-35,29,68,Female,North,Non-Smoker,Weekly,22.4,118.5,False,False,182.4,92.1,2026-01-15
a1b2c3d4-e5f6-7a8b-9c0d-1e2f3a4b5c6d,46-60,52,85,Male,South,Smoker,Rarely,28.6,135.2,True,True,225.8,115.4,2026-01-16
b2c3d4e5-f6a7-8b9c-0d1e-2f3a4b5c6d7e,18-25,22,60,Female,East,Non-Smoker,Daily,20.1,110.0,False,False,160.5,88.0,2026-01-18
c3d4e5f6-a7b8-9c0d-1e2f-3a4b5c6d7e8f,36-45,41,78,Male,West,Former Smoker,Weekly,25.3,124.0,False,True,198.1,102.3,2026-01-20
d4e5f6a7-b8c9-0d1e-2f3a-4b5c6d7e8f9a,60+,67,72,Female,North,Non-Smoker,Rarely,27.0,140.5,True,True,240.2,128.5,2026-01-22
e5f6a7b8-c9d0-1e2f-3a4b-5c6d7e8f9a0b,26-35,34,90,Male,South,Smoker,Never,31.2,145.8,False,True,215.6,110.2,2026-01-25
f6a7b8c9-d0e1-2f3a-4b5c-6d7e8f9a0b1c,18-25,24,55,Female,East,Non-Smoker,Daily,19.5,112.3,False,False,155.0,85.6,2026-01-26
a7b8c9d0-e1f2-3a4b-5c6d-7e8f9a0b1c2d,36-45,39,82,Male,West,Former Smoker,Weekly,26.8,128.0,False,False,205.4,99.8,2026-01-28
b8c9d0e1-f2a3-4b5c-6d7e-8f9a0b1c2d3e,46-60,58,70,Female,North,Non-Smoker,Daily,24.2,130.2,True,True,210.0,105.4,2026-02-01
c9d0e1f2-a3b4-5c6d-7e8f-9a0b1c2d3e4f,60+,71,88,Male,South,Smoker,Never,30.5,150.0,True,True,250.6,135.0,2026-02-03
d0e1f2a3-b4c5-6d7e-8f9a-0b1c2d3e4f5a,26-35,31,65,Female,East,Non-Smoker,Weekly,21.8,115.0,False,False,175.2,90.0,2026-02-05
e1f2a3b4-c5d6-7e8f-9a0b-1c2d3e4f5a6b,18-25,20,75,Male,West,Non-Smoker,Daily,23.5,120.0,False,False,180.0,95.0,2026-02-06
f2a3b4c5-d6e7-8f9a-0b1c-2d3e4f5a6b7c,36-45,44,95,Female,North,Former Smoker,Rarely,33.1,138.4,True,False,220.3,118.0,2026-02-08
a3b4c5d6-e7f8-9a0b-1c2d-3e4f5a6b7c8d,46-60,50,68,Male,South,Non-Smoker,Weekly,22.9,122.1,False,False,190.5,94.2,2026-02-10
b4c5d6e7-f8a9-0b1c-2d3e-4f5a6b7c8d9e,60+,65,80,Female,East,Smoker,Never,29.4,142.0,True,True,235.1,125.0,2026-02-12
c5d6e7f8-a9b0-1c2d-3e4f-5a6b7c8d9e0f,26-35,27,70,Male,West,Non-Smoker,Daily,22.0,116.5,False,False,168.9,89.3,2026-02-14
d6e7f8a9-b0c1-2d3e-4f5a-6b7c8d9e0f1a,18-25,25,62,Female,North,Non-Smoker,Weekly,21.2,114.0,False,False,162.0,86.5,2026-02-15
e7f8a9b0-c1d2-3e4f-5a6b-7c8d9e0f1a2b,36-45,38,88,Male,South,Smoker,Rarely,28.1,132.6,False,True,212.4,108.0,2026-02-18
f8a9b0c1-d2e3-4f5a-6b7c-8d9e0f1a2b3c,46-60,55,76,Female,East,Former Smoker,Weekly,26.5,136.0,True,True,228.0,116.2,2026-02-20
a9b0c1d2-e3f4-5a6b-7c8d-9e0f1a2b3c4d,60+,74,84,Male,West,Non-Smoker,Never,28.9,148.2,True,True,245.0,130.4,2026-02-22
b0c1d2e3-f4a5-6b7c-8d9e-0f1a2b3c4d5e,18-25,23,58,Female,North,Non-Smoker,Daily,20.5,111.2,False,False,158.0,84.0,2026-02-23
c1d2e3f4-a5b6-7c8d-9e0f-1a2b3c4d5e6f,26-35,32,74,Male,South,Former Smoker,Weekly,24.1,120.4,False,False,185.0,96.5,2026-02-25
d2e3f4a5-b6c7-8d9e-0f1a-2b3c4d5e6f7a,36-45,45,86,Female,East,Smoker,Rarely,29.8,134.5,True,False,218.0,112.0,2026-02-28
e3f4a5b6-c7d8-9e0f-1a2b-3c4d5e6f7a8b,46-60,49,69,Male,West,Non-Smoker,Daily,23.0,123.0,False,False,192.1,95.8,2026-03-01
f4a5b6c7-d8e9-0f1a-2b3c-4d5e6f7a8b9c,60+,69,79,Female,North,Non-Smoker,Rarely,27.5,141.0,True,True,238.4,122.0,2026-03-03
a5b6c7d8-e9f0-1a2b-3c4d-5e6f7a8b9c0d,26-35,30,92,Male,South,Smoker,Never,31.8,147.2,False,True,222.0,114.5,2026-03-05
b6c7d8e9-f0a1-2b3c-4d5e-6f7a8b9c0d1e,18-25,21,54,Female,East,Non-Smoker,Daily,19.2,109.5,False,False,152.4,82.0,2026-03-06
c7d8e9f0-a1b2-3c4d-5e6f-7a8b9c0d1e2f,36-45,42,81,Male,West,Former Smoker,Weekly,26.2,127.1,False,False,201.0,98.4,2026-03-08
d8e9f0a1-b2c3-4d5e-6f7a-8b9c0d1e2f3a,46-60,57,73,Female,North,Non-Smoker,Daily,25.1,131.5,True,True,215.0,108.2,2026-03-10
e9f0a1b2-c3d4-5e6f-7a8b-9c0d1e2f3a4b,60+,72,82,Male,South,Smoker,Never,29.9,152.0,True,True,252.1,138.0,2026-03-12
f0a1b2c3-d4e5-6f7a-8b9c-0d1e2f3a4b5c,26-35,33,67,Female,East,Non-Smoker,Weekly,22.1,116.0,False,False,173.0,91.2,2026-03-14
a1b2c3d4-e5f6-7a8b-9c0d-1e2f3a4b5c6d,18-25,19,77,Male,West,Non-Smoker,Daily,23.8,121.5,False,False,182.0,96.0,2026-03-15
b2c3d4e5-f6a7-8b9c-0d1e-2f3a4b5c6d7e,36-45,43,94,Female,North,Former Smoker,Rarely,32.8,139.0,True,False,225.0,119.5,2026-03-17
c3d4e5f6-a7b8-9c0d-1e2f-3a4b5c6d7e8f,46-60,53,67,Male,South,Non-Smoker,Weekly,22.6,121.0,False,False,188.0,93.5,2026-03-19
d4e5f6a7-b8c9-0d1e-2f3a-4b5c6d7e8f9a,60+,66,81,Female,East,Smoker,Never,29.6,143.5,True,True,237.0,126.2,2026-03-21
e5f6a7b8-c9d0-1e2f-3a4b-5c6d7e8f9a0b,26-35,28,71,Male,West,Non-Smoker,Daily,22.3,117.0,False,False,170.0,89.9,2026-03-22
f6a7b8c9-d0e1-2f3a-4b5c-6d7e8f9a0b1c,18-25,26,63,Female,North,Non-Smoker,Weekly,21.5,113.8,False,False,164.0,87.0,2026-03-24
a7b8c9d0-e1f2-3a4b-5c6d-7e8f9a0b1c2d,36-45,37,89,Male,South,Smoker,Rarely,28.3,133.0,False,True,214.0,109.1,2026-03-26
b8c9d0e1-f2a3-4b5c-6d7e-8f9a0b1c2d3e,46-60,56,77,Female,East,Former Smoker,Weekly,26.8,137.2,True,True,230.0,117.5,2026-03-28
c9d0e1f2-a3b4-5c6d-7e8f-9a0b1c2d3e4f,60+,75,85,Male,West,Non-Smoker,Never,29.0,149.0,True,True,246.5,131.0,2026-03-30
d0e1f2a3-b4c5-6d7e-8f9a-0b1c2d3e4f5a,18-25,24,59,Female,North,Non-Smoker,Daily,20.8,112.0,False,False,159.0,85.0,2026-03-31
e1f2a3b4-c5d6-7e8f-9a0b-1c2d3e4f5a6b,26-35,35,76,Male,South,Former Smoker,Weekly,24.5,121.2,False,False,187.0,97.2,2026-04-02
f2a3b4c5-d6e7-8f9a-0b1c-2d3e4f5a6b7c,36-45,46,87,Female,East,Smoker,Rarely,30.1,135.0,True,False,219.5,113.0,2026-04-04
a3b4c5d6-e7f8-9a0b-1c2d-3e4f5a6b7c8d,46-60,48,70,Male,West,Non-Smoker,Daily,23.2,123.5,False,False,193.0,96.1,2026-04-06
b4c5d6e7-f8a9-0b1c-2d3e-4f5a6b7c8d9e,60+,68,80,Female,North,Non-Smoker,Rarely,27.8,141.5,True,True,239.0,123.1,2026-04-08
c5d6e7f8-a9b0-1c2d-3e4f-5a6b7c8d9e0f,26-35,29,91,Male,South,Smoker,Never,31.5,146.5,False,True,220.5,113.8,2026-04-10
d6e7f8a9-b0c1-2d3e-4f5a-6b7c8d9e0f1a,18-25,22,56,Female,East,Non-Smoker,Daily,19.4,110.0,False,False,153.5,83.0,2026-04-12
e7f8a9b0-c1d2-3e4f-5a6b-7c8d9e0f1a2b,36-45,40,80,Male,West,Former Smoker,Weekly,26.0,126.5,False,False,200.0,97.5,2026-04-14
f8a9b0c1-d2e3-4f5a-6b7c-8d9e0f1a2b3c,46-60,59,74,Female,North,Non-Smoker,Daily,25.3,132.0,True,True,216.0,109.0,2026-04-15
a9b0c1d2-e3f4-5a6b-7c8d-9e0f1a2b3c4d,60+,70,83,Male,South,Smoker,Never,30.1,152.5,True,True,253.0,139.0,2026-04-18
b0c1d2e3-f4a5-6b7c-8d9e-0f1a2b3c4d5e,26-35,32,68,Female,East,Non-Smoker,Weekly,22.2,116.8,False,False,174.0,92.0,2026-04-20
c1d2e3f4-a5b6-7c8d-9e0f-1a2b3c4d5e6f,18-25,21,78,Male,West,Non-Smoker,Daily,24.0,122.0,False,False,183.0,96.8,2026-04-21
d2e3f4a5-b6c7-8d9e-0f1a-2b3c4d5e6f7a,36-45,44,95,Female,North,Former Smoker,Rarely,33.0,139.5,True,False,226.0,120.0,2026-04-23
e3f4a5b6-c7d8-9e0f-1a2b-3c4d5e6f7a8b,46-60,51,69,Male,South,Non-Smoker,Weekly,22.8,121.8,False,False,189.0,94.0,2026-04-25
f4a5b6c7-d8e9-0f1a-2b3c-4d5e6f7a8b9c,60+,64,79,Female,East,Smoker,Never,29.2,141.0,True,True,234.0,124.5,2026-04-27
a5b6c7d8-e9f0-1a2b-3c4d-5e6f7a8b9c0d,26-35,27,72,Male,West,Non-Smoker,Daily,22.4,117.2,False,False,171.0,90.5,2026-04-29
b6c7d8e9-f0a1-2b3c-4d5e-6f7a8b9c0d1e,18-25,25,64,Female,North,Non-Smoker,Weekly,21.6,114.2,False,False,165.0,87.5,2026-05-01
c7d8e9f0-a1b2-3c4d-5e6f-7a8b9c0d1e2f,36-45,39,90,Male,South,Smoker,Rarely,28.5,133.5,False,True,215.0,109.8,2026-05-03
d8e9f0a1-b2c3-4d5e-6f7a-8b9c0d1e2f3a,46-60,54,78,Female,East,Former Smoker,Weekly,27.1,138.0,True,True,231.0,118.0,2026-05-05
e9f0a1b2-c3d4-5e6f-7a8b-9c0d1e2f3a4b,60+,73,86,Male,West,Non-Smoker,Never,29.2,149.8,True,True,247.0,132.0,2026-05-07
f0a1b2c3-d4e5-6f7a-8b9c-0d1e2f3a4b5c,18-25,23,60,Female,North,Non-Smoker,Daily,21.0,112.5,False,False,160.0,85.5,2026-05-08
a1b2c3d4-e5f6-7a8b-9c0d-1e2f3a4b5c6d,26-35,34,75,Male,South,Former Smoker,Weekly,24.3,120.8,False,False,186.0,96.8,2026-05-10
b2c3d4e5-f6a7-8b9c-0d1e-2f3a4b5c6d7e,36-45,45,88,Female,East,Smoker,Rarely,30.5,136.2,True,False,221.0,114.2,2026-05-12
c3d4e5f6-a7b8-9c0d-1e2f-3a4b5c6d7e8f,46-60,47,71,Male,West,Non-Smoker,Daily,23.4,124.0,False,False,194.0,96.8,2026-05-14
d4e5f6a7-b8c9-0d1e-2f3a-4b5c6d7e8f9a,60+,67,81,Female,North,Non-Smoker,Rarely,28.0,142.0,True,True,240.0,123.8,2026-05-16
e5f6a7b8-c9d0-1e2f-3a4b-5c6d7e8f9a0b,26-35,30,93,Male,South,Smoker,Never,31.9,147.5,False,True,223.0,115.0,2026-05-18
f6a7b8c9-d0e1-2f3a-4b5c-6d7e8f9a0b1c,18-25,20,55,Female,East,Non-Smoker,Daily,19.3,110.2,False,False,154.0,83.5,2026-05-19
a7b8c9d0-e1f2-3a4b-5c6d-7e8f9a0b1c2d,36-45,41,82,Male,West,Former Smoker,Weekly,26.4,127.5,False,False,202.0,98.9,2026-05-21
b8c9d0e1-f2a3-4b5c-6d7e-8f9a0b1c2d3e,46-60,58,73,Female,North,Non-Smoker,Daily,25.2,131.8,True,True,215.5,108.8,2026-05-23
c9d0e1f2-a3b4-5c6d-7e8f-9a0b1c2d3e4f,60+,72,83,Male,South,Smoker,Never,30.0,152.0,True,True,251.5,137.5,2026-05-25
d0e1f2a3-b4c5-6d7e-8f9a-0b1c2d3e4f5a,26-35,31,68,Female,East,Non-Smoker,Weekly,22.0,116.2,False,False,173.5,91.5,2026-05-27
e1f2a3b4-c5d6-7e8f-9a0b-1c2d3e4f5a6b,18-25,22,76,Male,West,Non-Smoker,Daily,23.6,121.0,False,False,181.0,95.5,2026-05-28
f2a3b4c5-d6e7-8f9a-0b1c-2d3e4f5a6b7c,36-45,43,96,Female,North,Former Smoker,Rarely,33.5,140.0,True,False,227.5,121.0,2026-05-30
a3b4c5d6-e7f8-9a0b-1c2d-3e4f5a6b7c8d,46-60,52,69,Male,South,Non-Smoker,Weekly,22.9,122.2,False,False,190.8,94.5,2026-06-01
b4c5d6e7-f8a9-0b1c-2d3e-4f5a6b7c8d9e,60+,65,81,Female,East,Smoker,Never,29.7,143.0,True,True,236.0,125.5,2026-06-03
c5d6e7f8-a9b0-1c2d-3e4f-5a6b7c8d9e0f,26-35,28,71,Male,West,Non-Smoker,Daily,22.1,116.8,False,False,169.5,89.5,2026-06-05
d6e7f8a9-b0c1-2d3e-4f5a-6b7c8d9e0f1a,18-25,25,63,Female,North,Non-Smoker,Weekly,21.3,114.1,False,False,162.5,86.8,2026-06-06
e7f8a9b0-c1d2-3e4f-5a6b-7c8d9e0f1a2b,36-45,38,89,Male,South,Smoker,Rarely,28.2,132.8,False,True,213.0,108.5,2026-06-08
f8a9b0c1-d2e3-4f5a-6b7c-8d9e0f1a2b3c,46-60,55,76,Female,East,Former Smoker,Weekly,26.6,136.5,True,True,229.0,116.8,2026-06-10
a9b0c1d2-e3f4-5a6b-7c8d-9e0f1a2b3c4d,60+,74,85,Male,West,Non-Smoker,Never,29.0,148.5,True,True,245.5,130.8,2026-06-12
b0c1d2e3-f4a5-6b7c-8d9e-0f1a2b3c4d5e,18-25,23,59,Female,North,Non-Smoker,Daily,20.6,111.5,False,False,158.5,84.5,2026-06-14
c1d2e3f4-a5b6-7c8d-9e0f-1a2b3c4d5e6f,26-35,32,75,Male,South,Former Smoker,Weekly,24.2,120.5,False,False,185.5,96.6,2026-06-15
d2e3f4a5-b6c7-8d9e-0f1a-2b3c4d5e6f7a,36-45,45,87,Female,East,Smoker,Rarely,29.9,134.8,True,False,218.5,112.5,2026-06-17
e3f4a5b6-c7d8-9e0f-1a2b-3c4d5e6f7a8b,46-60,49,70,Male,West,Non-Smoker,Daily,23.1,123.2,False,False,192.5,96.0,2026-06-19
f4a5b6c7-d8e9-0f1a-2b3c-4d5e6f7a8b9c,60+,69,80,Female,North,Non-Smoker,Rarely,27.6,141.2,True,True,238.8,122.2,2026-06-21
a5b6c7d8-e9f0-1a2b-3c4d-5e6f7a8b9c0d,26-35,30,92,Male,South,Smoker,Never,31.8,147.0,False,True,222.2,114.6,2026-06-22
b6c7d8e9-f0a1-2b3c-4d5e-6f7a8b9c0d1e,18-25,21,55,Female,East,Non-Smoker,Daily,19.3,109.8,False,False,152.8,82.2,2026-06-24
c7d8e9f0-a1b2-3c4d-5e6f-7a8b9c0d1e2f,36-45,42,82,Male,West,Former Smoker,Weekly,26.3,127.3,False,False,201.5,98.6,2026-06-26
d8e9f0a1-b2c3-4d5e-6f7a-8b9c0d1e2f3a,46-60,57,74,Female,North,Non-Smoker,Daily,25.2,131.6,True,True,215.2,108.4,2026-06-28
e9f0a1b2-c3d4-5e6f-7a8b-9c0d1e2f3a4b,60+,72,83,Male,South,Smoker,Never,30.0,152.2,True,True,252.3,138.2,2026-06-29
f0a1b2c3-d4e5-6f7a-8b9c-0d1e2f3a4b5c,26-35,33,68,Female,East,Non-Smoker,Weekly,22.2,116.1,False,False,173.2,91.4,2026-07-01
a1b2c3d4-e5f6-7a8b-9c0d-1e2f3a4b5c6d,18-25,19,78,Male,West,Non-Smoker,Daily,23.9,121.8,False,False,182.2,96.2,2026-07-02
b2c3d4e5-f6a7-8b9c-0d1e-2f3a4b5c6d7e,36-45,43,95,Female,North,Former Smoker,Rarely,32.9,139.2,True,False,225.2,119.8,2026-07-04
c3d4e5f6-a7b8-9c0d-1e2f-3a4b5c6d7e8f,46-60,53,68,Male,South,Non-Smoker,Weekly,22.7,121.2,False,False,188.2,93.8,2026-07-06
d4e5f6a7-b8c9-0d1e-2f3a-4b5c6d7e8f9a,60+,66,82,Female,East,Smoker,Never,29.7,143.8,True,True,237.2,126.5,2026-07-07
e5f6a7b8-c9d0-1e2f-3a4b-5c6d7e8f9a0b,26-35,28,72,Male,West,Non-Smoker,Daily,22.4,117.2,False,False,170.2,90.1,2026-07-09
f6a7b8c9-d0e1-2f3a-4b5c-6d7e8f9a0b1c,18-25,26,64,Female,North,Non-Smoker,Weekly,21.6,114.0,False,False,164.2,87.2,2026-07-11
a7b8c9d0-e1f2-3a4b-5c6d-7e8f9a0b1c2d,36-45,37,90,Male,South,Smoker,Rarely,28.4,133.2,False,True,214.2,109.3,2026-07-13
b8c9d0e1-f2a3-4b5c-6d7e-8f9a0b1c2d3e,46-60,56,78,Female,East,Former Smoker,Weekly,26.9,137.5,True,True,230.2,117.8,2026-07-14
c9d0e1f2-a3b4-5c6d-7e8f-9a0b1c2d3e4f,60+,75,86,Male,West,Non-Smoker,Never,29.1,149.2,True,True,246.8,131.2,2026-07-16
d0e1f2a3-b4c5-6d7e-8f9a-0b1c2d3e4f5a,18-25,24,60,Female,North,Non-Smoker,Daily,20.9,112.2,False,False,159.2,85.2,2026-07-18
e1f2a3b4-c5d6-7e8f-9a0b-1c2d3e4f5a6b,26-35,35,77,Male,South,Former Smoker,Weekly,24.6,121.5,False,False,187.2,97.5,2026-07-20
f2a3b4c5-d6e7-8f9a-0b1c-2d3e4f5a6b7c,36-45,46,88,Female,East,Smoker,Rarely,30.2,135.2,True,False,219.8,113.2,2026-07-21
a3b4c5d6-e7f8-9a0b-1c2d-3e4f5a6b7c8d,46-60,48,71,Male,West,Non-Smoker,Daily,23.3,123.8,False,False,193.2,96.3,2026-07-23
b4c5d6e7-f8a9-0b1c-2d3e-4f5a6b7c8d9e,60+,68,81,Female,North,Non-Smoker,Rarely,27.9,141.8,True,True,239.2,123.3,2026-07-25
c5d6e7f8-a9b0-1c2d-3e4f-5a6b7c8d9e0f,26-35,29,92,Male,South,Smoker,Never,31.6,146.8,False,True,220.8,114.0,2026-07-27
d6e7f8a9-b0c1-2d3e-4f5a-6b7c8d9e0f1a,18-25,22,57,Female,East,Non-Smoker,Daily,19.5,110.2,False,False,153.8,83.2,2026-07-28
e7f8a9b0-c1d2-3e4f-5a6b-7c8d9e0f1a2b,36-45,40,81,Male,West,Former Smoker,Weekly,26.1,126.8,False,False,200.2,97.8,2026-07-30
f8a9b0c1-d2e3-4f5a-6b7c-8d9e0f1a2b3c,46-60,59,75,Female,North,Non-Smoker,Daily,25.4,132.2,True,True,216.2,109.2,2026-08-01
a9b0c1d2-e3f4-5a6b-7c8d-9e0f1a2b3c4d,60+,70,84,Male,South,Smoker,Never,30.2,152.8,True,True,253.2,139.2,2026-08-03
b0c1d2e3-f4a5-6b7c-8d9e-0f1a2b3c4d5e,26-35,32,69,Female,East,Non-Smoker,Weekly,22.3,117.0,False,False,174.2,92.2,2026-08-04
c1d2e3f4-a5b6-7c8d-9e0f-1a2b3c4d5e6f,18-25,21,79,Male,West,Non-Smoker,Daily,24.1,122.2,False,False,183.2,97.0,2026-08-06
d2e3f4a5-b6c7-8d9e-0f1a-2b3c4d5e6f7a,36-45,44,96,Female,North,Former Smoker,Rarely,33.1,139.8,True,False,226.2,120.2,2026-08-08
e3f4a5b6-c7d8-9e0f-1a2b-3c4d5e6f7a8b,46-60,51,70,Male,South,Non-Smoker,Weekly,22.9,122.0,False,False,189.2,94.2,2026-08-10
f4a5b6c7-d8e9-0f1a-2b3c-4d5e6f7a8b9c,60+,64,80,Female,East,Smoker,Never,29.3,141.2,True,True,234.2,124.8,2026-08-11
a5b6c7d8-e9f0-1a2b-3c4d-5e6f7a8b9c0d,26-35,27,73,Male,West,Non-Smoker,Daily,22.5,117.5,False,False,171.2,90.8,2026-08-13
b6c7d8e9-f0a1-2b3c-4d5e-6f7a8b9c0d1e,18-25,25,65,Female,North,Non-Smoker,Weekly,21.7,114.5,False,False,165.2,87.8,2026-08-15
c7d8e9f0-a1b2-3c4d-5e6f-7a8b9c0d1e2f,36-45,39,91,Male,South,Smoker,Rarely,28.6,133.8,False,True,215.2,110.0,2026-08-17
d8e9f0a1-b2c3-4d5e-6f7a-8b9c0d1e2f3a,46-60,54,79,Female,East,Former Smoker,Weekly,27.2,138.2,True,True,231.2,118.2,2026-08-18
e9f0a1b2-c3d4-5e6f-7a8b-9c0d1e2f3a4b,60+,73,87,Male,West,Non-Smoker,Never,29.3,150.0,True,True,247.2,132.2,2026-08-20
f0a1b2c3-d4e5-6f7a-8b9c-0d1e2f3a4b5c,18-25,23,61,Female,North,Non-Smoker,Daily,21.1,112.8,False,False,160.2,85.8,2026-08-22
a1b2c3d4-e5f6-7a8b-9c0d-1e2f3a4b5c6d,26-35,34,76,Male,South,Former Smoker,Weekly,24.4,121.0,False,False,186.2,97.0,2026-08-24
b2c3d4e5-f6a7-8b9c-0d1e-2f3a4b5c6d7e,36-45,45,89,Female,East,Smoker,Rarely,30.6,136.5,True,False,221.2,114.5,2026-08-25
c3d4e5f6-a7b8-9c0d-1e2f-3a4b5c6d7e8f,46-60,47,72,Male,West,Non-Smoker,Daily,23.5,124.2,False,False,194.2,97.0,2026-08-27
d4e5f6a7-b8c9-0d1e-2f3a-4b5c6d7e8f9a,60+,67,82,Female,North,Non-Smoker,Rarely,28.1,142.2,True,True,240.2,124.0,2026-08-29
e5f6a7b8-c9d0-1e2f-3a4b-5c6d7e8f9a0b,26-35,30,94,Male,South,Smoker,Never,32.0,147.8,False,True,223.2,115.2,2026-08-31
f6a7b8c9-d0e1-2f3a-4b5c-6d7e8f9a0b1c,18-25,20,56,Female,East,Non-Smoker,Daily,19.4,110.5,False,False,154.2,83.8,2026-09-02
a7b8c9d0-e1f2-3a4b-5c6d-7e8f9a0b1c2d,36-45,41,83,Male,West,Former Smoker,Weekly,26.5,127.8,False,False,202.2,99.2,2026-09-04
b8c9d0e1-f2a3-4b5c-6d7e-8f9a0b1c2d3e,46-60,58,74,Female,North,Non-Smoker,Daily,25.3,132.0,True,True,215.8,109.0,2026-09-05
c9d0e1f2-a3b4-5c6d-7e8f-9a0b1c2d3e4f,60+,72,84,Male,South,Smoker,Never,30.1,152.2,True,True,251.8,137.8,2026-09-07
d0e1f2a3-b4c5-6d7e-8f9a-0b1c2d3e4f5a,26-35,31,69,Female,East,Non-Smoker,Weekly,22.1,116.5,False,False,173.8,91.8,2026-09-09
e1f2a3b4-c5d6-7e8f-9a0b-1c2d3e4f5a6b,18-25,22,77,Male,West,Non-Smoker,Daily,23.7,121.2,False,False,181.2,95.8,2026-09-11
f2a3b4c5-d6e7-8f9a-0b1c-2d3e4f5a6b7c,36-45,43,97,Female,North,Former Smoker,Rarely,33.6,140.2,True,False,227.8,121.2,2026-09-12
a3b4c5d6-e7f8-9a0b-1c2d-3e4f5a6b7c8d,46-60,52,70,Male,South,Non-Smoker,Weekly,23.0,122.5,False,False,191.0,94.8,2026-09-14
b4c5d6e7-f8a9-0b1c-2d3e-4f5a6b7c8d9e,60+,65,82,Female,East,Smoker,Never,29.8,143.2,True,True,236.2,125.8,2026-09-16
c5d6e7f8-a9b0-1c2d-3e4f-5a6b7c8d9e0f,26-35,28,72,Male,West,Non-Smoker,Daily,22.2,117.0,False,False,169.8,89.8,2026-09-18
d6e7f8a9-b0c1-2d3e-4f5a-6b7c8d9e0f1a,18-25,25,64,Female,North,Non-Smoker,Weekly,21.4,114.2,False,False,162.8,87.0,2026-09-20
e7f8a9b0-c1d2-3e4f-5a6b-7c8d9e0f1a2b,36-45,38,90,Male,South,Smoker,Rarely,28.3,133.0,False,True,213.2,108.8,2026-09-21
f8a9b0c1-d2e3-4f5a-6b7c-8d9e0f1a2b3c,46-60,55,77,Female,East,Former Smoker,Weekly,26.7,136.8,True,True,229.2,117.0,2026-09-23
a9b0c1d2-e3f4-5a6b-7c8d-9e0f1a2b3c4d,60+,74,86,Male,West,Non-Smoker,Never,29.1,148.8,True,True,245.8,131.0,2026-09-25
b0c1d2e3-f4a5-6b7c-8d9e-0f1a2b3c4d5e,18-25,23,60,Female,North,Non-Smoker,Daily,20.7,111.8,False,False,158.8,84.8,2026-09-27
c1d2e3f4-a5b6-7c8d-9e0f-1a2b3c4d5e6f,26-35,32,76,Male,South,Former Smoker,Weekly,24.3,120.8,False,False,185.8,96.8,2026-09-29
d2e3f4a5-b6c7-8d9e-0f1a-2b3c4d5e6f7a,36-45,45,88,Female,East,Smoker,Rarely,30.0,135.0,True,False,218.8,112.8,2026-10-01
e3f4a5b6-c7d8-9e0f-1a2b-3c4d5e6f7a8b,46-60,49,71,Male,West,Non-Smoker,Daily,23.2,123.5,False,False,192.8,96.2,2026-10-03
f4a5b6c7-d8e9-0f1a-2b3c-4d5e6f7a8b9c,60+,69,81,Female,North,Non-Smoker,Rarely,27.7,141.5,True,True,239.0,122.5,2026-10-05
a5b6c7d8-e9f0-1a2b-3c4d-5e6f7a8b9c0d,26-35,30,93,Male,South,Smoker,Never,31.9,147.2,False,True,222.5,114.8,2026-10-06
b6c7d8e9-f0a1-2b3c-4d5e-6f7a8b9c0d1e,18-25,21,56,Female,East,Non-Smoker,Daily,19.4,110.0,False,False,153.0,82.5,2026-10-08
c7d8e9f0-a1b2-3c4d-5e6f-7a8b9c0d1e2f,36-45,42,83,Male,West,Former Smoker,Weekly,26.4,127.5,False,False,201.8,98.8,2026-10-09